latitude,longitude,room_type,price,guests_included,minimum_nights,review_scores_rating,cancellation_policy,host_is_superhost,number_of_reviews,number_of_reviews_ltm,bathrooms,bedrooms,beds,bed_type,zipcode,has_reviews
30.28027,-97.75596,Entire home/apt,95,2,2,98,moderate,t,138,40,1,2,3,Real Bed,78703,TRUE
30.27722,-97.76088,Entire home/apt,95,1,2,97,flexible,t,95,13,1,1,1,Real Bed,78703,TRUE
30.29996,-97.77832,Entire home/apt,59,2,2,99,moderate,t,121,69,1,1,1,Real Bed,78703,TRUE
30.30038,-97.77886,Entire home/apt,105,2,2,99,moderate,t,352,40,1,1,2,Real Bed,78703,TRUE
30.28271,-97.75881,Entire home/apt,300,2,7,100,strict_14_with_grace_period,f,3,0,1,0,2,Real Bed,78703,TRUE
30.28188,-97.76413,Entire home/apt,500,1,3,100,strict_14_with_grace_period,f,2,1,2.5,3,3,Real Bed,78703,TRUE
30.29717,-97.77102,Entire home/apt,249,4,3,96.17773167,strict_14_with_grace_period,f,0,0,1,2,2,Real Bed,78703,FALSE
30.29187,-97.76824,Entire home/apt,115,2,2,99,strict_14_with_grace_period,t,264,34,1,1,1,Real Bed,78703,TRUE
30.27577,-97.75608,Entire home/apt,152,2,2,97,moderate,t,175,33,1,2,2,Real Bed,78703,TRUE
30.28408,-97.76828,Entire home/apt,500,1,4,96.17773167,strict_14_with_grace_period,f,0,0,2,3,3,Real Bed,78703,FALSE
30.27869,-97.75311,Entire home/apt,205,2,2,97,moderate,t,36,13,1,1,2,Real Bed,78703,TRUE
30.27571,-97.75819,Private room,300,1,2,100,moderate,f,10,8,1,1,1,Real Bed,78703,TRUE
30.28281,-97.76417,Entire home/apt,399,10,2,94,strict_14_with_grace_period,t,38,8,3,6,17,Real Bed,78703,TRUE
30.31293,-97.76659,Entire home/apt,450,6,3,96,strict_14_with_grace_period,t,106,26,3,5,6,Real Bed,78703,TRUE
30.27434,-97.75466,Entire home/apt,302,6,3,80,strict_14_with_grace_period,f,1,0,2,3,3,Real Bed,78703,TRUE
30.28226,-97.76035,Entire home/apt,156,1,5,100,moderate,f,3,0,2,2,2,Real Bed,78703,TRUE
30.29933,-97.77637,Private room,59,1,1,92,moderate,t,42,6,1,1,1,Real Bed,78703,TRUE
30.28923,-97.7606,Entire home/apt,248,4,3,100,strict_14_with_grace_period,f,11,0,2,2,2,Real Bed,78703,TRUE
30.27927,-97.75422,Entire home/apt,119,1,2,96,strict_14_with_grace_period,f,12,5,1,1,1,Real Bed,78703,TRUE
30.27428,-97.75716,Entire home/apt,224,1,2,98,strict_14_with_grace_period,f,50,2,1,2,3,Real Bed,78703,TRUE
30.27634,-97.75923,Entire home/apt,85,3,2,97,strict_14_with_grace_period,t,89,17,1,1,2,Real Bed,78703,TRUE
30.28445,-97.77043,Entire home/apt,95,2,2,100,moderate,f,1,1,1,2,3,Real Bed,78703,TRUE
30.27933,-97.75131,Entire home/apt,175,2,3,96,moderate,f,10,1,1,1,1,Real Bed,78703,TRUE
30.27928,-97.76076,Entire home/apt,139,1,12,96,strict_14_with_grace_period,t,5,0,1.5,2,2,Real Bed,78703,TRUE
30.28116,-97.76067,Entire home/apt,225,1,2,93,strict_14_with_grace_period,f,9,0,1,1,1,Real Bed,78703,TRUE
30.27697,-97.76248,Entire home/apt,135,2,2,99,moderate,t,114,30,1,1,1,Real Bed,78703,TRUE
30.2952,-97.77236,Entire home/apt,480,7,2,96,strict_14_with_grace_period,f,23,1,2.5,4,4,Real Bed,78703,TRUE
30.27875,-97.75517,Entire home/apt,262,1,3,99,strict_14_with_grace_period,t,59,21,1,2,2,Real Bed,78703,TRUE
30.27914,-97.75668,Entire home/apt,190,2,2,99,moderate,f,46,9,1,1,1,Real Bed,78703,TRUE
30.27494,-97.75043,Private room,148,2,2,100,moderate,f,3,0,1,1,2,Real Bed,78703,TRUE
30.27886,-97.75973,Entire home/apt,500,1,1,100,flexible,f,7,1,1,2,3,Real Bed,78703,TRUE
30.27304,-97.7534,Entire home/apt,150,1,4,89,strict_14_with_grace_period,f,21,9,1,1,1,Real Bed,78703,TRUE
30.2966,-97.76174,Entire home/apt,500,1,3,100,strict_14_with_grace_period,f,2,0,2,3,3,Real Bed,78703,TRUE
30.28869,-97.75762,Private room,150,2,2,99,moderate,t,118,22,1,1,1,Real Bed,78703,TRUE
30.27691,-97.75292,Entire home/apt,195,1,3,88,strict_14_with_grace_period,f,33,5,2,2,2,Real Bed,78703,TRUE
30.27538,-97.75805,Entire home/apt,375,6,2,98,strict_14_with_grace_period,t,56,34,2,3,5,Real Bed,78703,TRUE
30.27434,-97.75441,Entire home/apt,370,4,3,100,strict_14_with_grace_period,f,6,0,2,3,3,Real Bed,78703,TRUE
30.2891,-97.76765,Entire home/apt,300,1,1,96.17773167,flexible,f,0,0,1,2,2,Real Bed,78703,FALSE
30.28859,-97.77159,Entire home/apt,350,1,1,96.17773167,flexible,f,0,0,1,1,1,Real Bed,78703,FALSE
30.29426,-97.76297,Entire home/apt,199,6,1,98,strict_14_with_grace_period,t,73,12,1,2,2,Real Bed,78703,TRUE
30.29442,-97.76805,Entire home/apt,400,1,3,90,moderate,f,2,0,2,2,2,Real Bed,78703,TRUE
30.27684,-97.76042,Entire home/apt,69,1,2,97,strict_14_with_grace_period,t,297,60,1,1,1,Real Bed,78703,TRUE
30.27572,-97.75867,Entire home/apt,485,1,2,100,strict_14_with_grace_period,f,58,9,3,4,4,Real Bed,78703,TRUE
30.2916,-97.76038,Entire home/apt,195,4,1,100,moderate,t,388,102,1,2,2,Real Bed,78703,TRUE
30.27349,-97.75511,Entire home/apt,120,1,1,90,strict_14_with_grace_period,f,12,0,1,1,2,Real Bed,78703,TRUE
30.27896,-97.76119,Entire home/apt,475,1,5,96.17773167,strict_14_with_grace_period,f,0,0,1,2,3,Real Bed,78703,FALSE
30.27883,-97.7617,Entire home/apt,500,5,3,100,strict_14_with_grace_period,f,2,0,2.5,3,4,Real Bed,78703,TRUE
30.26883,-97.75637,Private room,150,1,2,80,strict_14_with_grace_period,f,1,0,1,1,1,Real Bed,78703,TRUE
30.27562,-97.76069,Entire home/apt,230,4,2,100,strict_14_with_grace_period,f,19,4,1,1,2,Real Bed,78703,TRUE
30.29463,-97.76336,Entire home/apt,400,4,4,100,strict_14_with_grace_period,f,1,0,2.5,3,4,Real Bed,78703,TRUE
30.29681,-97.74968,Private room,93,2,1,99,moderate,t,114,11,1,1,2,Real Bed,78703,TRUE
30.27512,-97.75706,Private room,95,1,1,99,strict_14_with_grace_period,t,34,12,1,1,1,Real Bed,78703,TRUE
30.27452,-97.75968,Entire home/apt,350,1,1,100,strict_14_with_grace_period,f,11,1,2.5,2,2,Real Bed,78703,TRUE
30.28984,-97.77338,Entire home/apt,375,1,7,96.17773167,moderate,f,0,0,1,2,2,Real Bed,78703,FALSE
30.29557,-97.77981,Entire home/apt,470,1,3,99,strict_14_with_grace_period,t,83,15,3,4,5,Real Bed,78703,TRUE
30.30307,-97.75708,Entire home/apt,375,1,1,80,flexible,f,1,0,2,3,3,Real Bed,78703,TRUE
30.29392,-97.76115,Private room,175,1,2,96.17773167,moderate,f,0,0,1,1,2,Real Bed,78703,FALSE
30.28359,-97.77586,Entire home/apt,400,1,1,96.17773167,flexible,f,0,0,1,2,2,Real Bed,78703,FALSE
30.27407,-97.75394,Entire home/apt,200,1,2,99,moderate,f,168,6,1,2,3,Real Bed,78703,TRUE
30.27612,-97.7558,Private room,200,1,2,99,flexible,t,34,13,1,1,1,Real Bed,78703,TRUE
30.30268,-97.75163,Entire home/apt,120,1,7,100,flexible,f,4,4,1,1,1,Real Bed,78703,TRUE
30.27527,-97.75784,Entire home/apt,120,2,2,96,strict_14_with_grace_period,t,182,38,1,1,1,Real Bed,78703,TRUE
30.27345,-97.75701,Entire home/apt,165,2,2,95,strict_14_with_grace_period,t,61,4,1,1,1,Real Bed,78703,TRUE
30.27595,-97.75958,Entire home/apt,375,2,2,96.17773167,moderate,f,0,0,1,2,3,Real Bed,78703,FALSE
30.27135,-97.75486,Entire home/apt,213,2,1,99,strict_14_with_grace_period,t,55,20,1.5,1,1,Real Bed,78703,TRUE
30.29023,-97.7726,Entire home/apt,82,4,1,97,moderate,t,60,32,1.5,2,3,Real Bed,78703,TRUE
30.27846,-97.75301,Entire home/apt,349,6,1,95,strict_14_with_grace_period,t,34,3,2,3,3,Real Bed,78703,TRUE
30.28325,-97.76136,Entire home/apt,129,1,2,98,moderate,t,76,15,1,1,1,Real Bed,78703,TRUE
30.28517,-97.76185,Private room,50,1,4,100,moderate,f,2,0,1,1,1,Real Bed,78703,TRUE
30.2933,-97.77711,Entire home/apt,174,4,2,96,strict_14_with_grace_period,f,9,4,1,2,3,Real Bed,78703,TRUE
30.28527,-97.77234,Entire home/apt,196,1,2,96,moderate,t,40,18,1,2,5,Real Bed,78703,TRUE
30.29475,-97.77657,Private room,300,1,1,96.17773167,flexible,f,0,0,1,1,1,Real Bed,78703,FALSE
30.27655,-97.75879,Entire home/apt,200,1,4,60,flexible,f,1,0,1.5,2,2,Real Bed,78703,TRUE
30.2987,-97.75203,Entire home/apt,118,1,2,98,moderate,t,50,34,1,0,1,Real Bed,78703,TRUE
30.28323,-97.76378,Entire home/apt,85,2,2,98,moderate,f,134,0,1,0,1,Real Bed,78703,TRUE
30.2835,-97.76287,Entire home/apt,450,1,1,100,moderate,f,2,0,1,2,2,Real Bed,78703,TRUE
30.2963,-97.78163,Entire home/apt,150,1,2,96.17773167,strict_14_with_grace_period,t,0,0,1,0,2,Real Bed,78703,FALSE
30.27984,-97.76495,Entire home/apt,218,4,1,99,strict_14_with_grace_period,t,47,13,1,1,0,Real Bed,78703,TRUE
30.28365,-97.75847,Entire home/apt,500,1,1,96.17773167,flexible,f,0,0,1,1,1,Real Bed,78703,FALSE
30.28524,-97.77192,Entire home/apt,500,1,2,98,flexible,f,10,0,1,1,2,Real Bed,78703,TRUE
30.30863,-97.75209,Private room,50,1,1,96.17773167,flexible,f,0,0,1,1,1,Real Bed,78703,FALSE
30.29253,-97.75851,Entire home/apt,189,3,2,89,strict_14_with_grace_period,f,35,0,1,3,3,Real Bed,78703,TRUE
30.28335,-97.77218,Entire home/apt,150,1,1,100,flexible,f,1,0,1,1,2,Real Bed,78703,TRUE
30.27561,-97.755,Entire home/apt,130,1,2,97,strict_14_with_grace_period,t,131,26,1,1,2,Real Bed,78703,TRUE
30.27577,-97.75465,Entire home/apt,130,1,2,98,strict_14_with_grace_period,t,161,32,1,1,2,Real Bed,78703,TRUE
30.27429,-97.75508,Entire home/apt,150,1,1,87,flexible,f,3,0,1,1,1,Real Bed,78703,TRUE
30.27857,-97.75909,Entire home/apt,350,2,4,100,strict_14_with_grace_period,f,9,4,2,3,2,Real Bed,78703,TRUE
30.28105,-97.76901,Entire home/apt,90,2,1,93,strict_14_with_grace_period,f,230,56,1,2,2,Real Bed,78703,TRUE
30.27752,-97.766,Entire home/apt,95,1,2,100,strict_14_with_grace_period,t,83,26,1,0,1,Real Bed,78703,TRUE
30.29946,-97.76664,Entire home/apt,495,10,3,99,strict_14_with_grace_period,t,45,23,3.5,5,5,Real Bed,78703,TRUE
30.27924,-97.77205,Entire home/apt,190,1,2,100,strict_14_with_grace_period,t,84,24,1,2,3,Real Bed,78703,TRUE
30.29243,-97.76335,Entire home/apt,93,2,3,100,moderate,t,97,16,1,0,1,Real Bed,78703,TRUE
30.27693,-97.7526,Entire home/apt,65,1,1,92,strict_14_with_grace_period,f,22,0,1,1,1,Real Bed,78703,TRUE
30.2749,-97.76202,Entire home/apt,125,2,2,98,moderate,t,166,30,1,1,1,Real Bed,78703,TRUE
30.27705,-97.77043,Entire home/apt,315,1,3,100,flexible,f,4,0,1,2,2,Real Bed,78703,TRUE
30.27505,-97.7587,Entire home/apt,500,1,2,90,strict_14_with_grace_period,f,2,0,1,0,1,Real Bed,78703,TRUE
30.28123,-97.75446,Private room,185,1,1,91,moderate,f,7,0,1,1,1,Real Bed,78703,TRUE
30.2831,-97.77044,Entire home/apt,180,1,2,100,flexible,f,2,1,1,0,2,Real Bed,78703,TRUE
30.27577,-97.75648,Private room,288,1,1,96.17773167,flexible,f,0,0,1,1,1,Real Bed,78703,FALSE
30.27802,-97.75908,Private room,75,1,3,99,moderate,t,211,48,1,1,1,Real Bed,78703,TRUE
30.27373,-97.75619,Entire home/apt,325,1,1,96.17773167,flexible,f,0,0,1,1,2,Real Bed,78703,FALSE
30.27676,-97.75914,Entire home/apt,140,3,2,95,moderate,t,62,18,1,1,1,Real Bed,78703,TRUE
30.27963,-97.75207,Entire home/apt,300,1,3,90,flexible,f,2,0,1,0,2,Real Bed,78703,TRUE
30.27841,-97.76263,Private room,140,1,1,100,flexible,f,2,0,1,1,1,Pull-out Sofa,78703,TRUE
30.28321,-97.76967,Private room,300,1,1,96.17773167,flexible,f,0,0,1,1,2,Real Bed,78703,FALSE
30.30944,-97.75262,Entire home/apt,125,4,1,100,flexible,f,1,0,1,0,2,Real Bed,78703,TRUE
30.27409,-97.75935,Entire home/apt,200,1,1,96.17773167,flexible,f,0,0,1,1,1,Real Bed,78703,FALSE
30.28045,-97.76139,Entire home/apt,155,4,1,95,strict_14_with_grace_period,t,36,8,1,2,2,Real Bed,78703,TRUE
30.29675,-97.7821,Entire home/apt,195,2,2,100,moderate,t,56,17,1,2,4,Real Bed,78703,TRUE
30.30206,-97.7529,Entire home/apt,400,6,3,99,strict_14_with_grace_period,t,41,25,3,5,7,Real Bed,78703,TRUE
30.28009,-97.76014,Entire home/apt,225,4,2,99,moderate,f,64,8,2,2,2,Real Bed,78703,TRUE
30.26811,-97.75296,Entire home/apt,500,1,1,96.17773167,flexible,f,0,0,2,2,2,Real Bed,78703,FALSE
30.29361,-97.7774,Entire home/apt,129,2,2,100,strict_14_with_grace_period,f,17,8,1,0,3,Real Bed,78703,TRUE
30.27426,-97.75278,Entire home/apt,238,1,3,89,strict_14_with_grace_period,f,8,0,1,1,1,Real Bed,78703,TRUE
30.28396,-97.7748,Entire home/apt,65,1,4,97,strict_14_with_grace_period,t,56,16,1,1,1,Pull-out Sofa,78703,TRUE
30.30019,-97.75618,Entire home/apt,85,1,2,99,flexible,t,139,21,1,1,1,Real Bed,78703,TRUE
30.2777,-97.75732,Entire home/apt,253,2,2,100,strict_14_with_grace_period,f,29,3,1.5,2,4,Real Bed,78703,TRUE
30.2919,-97.76199,Entire home/apt,84,3,1,97,strict_14_with_grace_period,t,56,56,1,1,2,Real Bed,78703,TRUE
30.27533,-97.76242,Entire home/apt,249,4,2,99,strict_14_with_grace_period,f,14,2,2.5,2,2,Real Bed,78703,TRUE
30.30521,-97.75458,Entire home/apt,240,1,2,100,strict_14_with_grace_period,f,2,0,1,2,2,Real Bed,78703,TRUE
30.27927,-97.76379,Entire home/apt,160,4,2,99,moderate,t,48,14,1,2,2,Real Bed,78703,TRUE
30.28378,-97.76059,Entire home/apt,129,4,2,98,moderate,t,108,7,1,1,2,Real Bed,78703,TRUE
30.27585,-97.75854,Entire home/apt,190,1,2,100,flexible,f,2,0,1,1,2,Real Bed,78703,TRUE
30.27914,-97.76433,Entire home/apt,200,1,1,98,strict_14_with_grace_period,t,139,42,1,2,3,Real Bed,78703,TRUE
30.27969,-97.75855,Entire home/apt,114,2,2,99,moderate,t,180,39,1,1,1,Real Bed,78703,TRUE
30.27762,-97.75776,Entire home/apt,285,8,1,98,strict_14_with_grace_period,t,149,41,2,4,7,Real Bed,78703,TRUE
30.29815,-97.7572,Entire home/apt,400,6,4,100,strict_14_with_grace_period,f,4,0,2.5,3,3,Real Bed,78703,TRUE
30.28995,-97.76848,Entire home/apt,250,1,3,96.17773167,flexible,f,1,0,1.5,2,2,Real Bed,78703,FALSE
30.28998,-97.76735,Entire home/apt,140,3,2,97,strict_14_with_grace_period,f,8,0,1,1,2,Real Bed,78703,TRUE
30.28455,-97.76007,Entire home/apt,159,2,6,100,strict_14_with_grace_period,f,2,0,1,1,3,Real Bed,78703,TRUE
30.27454,-97.76459,Entire home/apt,80,1,1,100,flexible,f,3,0,1,1,2,Real Bed,78703,TRUE
30.2814,-97.75212,Private room,180,4,1,100,moderate,f,5,1,2.5,1,1,Real Bed,78703,TRUE
30.2815,-97.75344,Private room,120,1,1,97,moderate,f,10,1,1,1,2,Real Bed,78703,TRUE
30.28656,-97.76538,Entire home/apt,300,1,1,96.17773167,flexible,f,0,0,1,2,2,Real Bed,78703,FALSE
30.28133,-97.77212,Entire home/apt,250,1,1,96.17773167,flexible,f,0,0,1,0,1,Real Bed,78703,FALSE
30.28459,-97.76274,Entire home/apt,75,2,1,93,strict_14_with_grace_period,f,280,76,1,1,1,Real Bed,78703,TRUE
30.28319,-97.76155,Entire home/apt,125,2,2,99,flexible,f,14,2,1,1,1,Real Bed,78703,TRUE
30.27744,-97.762,Entire home/apt,300,1,3,60,flexible,f,1,0,1,2,3,Real Bed,78703,TRUE
30.27775,-97.75731,Entire home/apt,125,1,2,93,strict_14_with_grace_period,f,159,38,1,0,3,Real Bed,78703,TRUE
30.27247,-97.7562,Entire home/apt,295,2,2,100,moderate,f,2,0,1,1,1,Real Bed,78703,TRUE
30.2722,-97.75758,Entire home/apt,185,4,1,96,strict_14_with_grace_period,f,58,3,1,2,3,Real Bed,78703,TRUE
30.28061,-97.75261,Entire home/apt,200,2,2,97,moderate,f,25,0,1,1,1,Real Bed,78703,TRUE
30.27649,-97.76142,Entire home/apt,107,2,3,96,strict_14_with_grace_period,t,44,19,1,1,3,Real Bed,78703,TRUE
30.27436,-97.75679,Entire home/apt,145,1,2,95,strict_14_with_grace_period,t,17,10,1,1,2,Real Bed,78703,TRUE
30.27347,-97.75513,Entire home/apt,115,1,1,98,strict_14_with_grace_period,t,280,92,1,1,2,Real Bed,78703,TRUE
30.27303,-97.75343,Private room,98,1,1,98,strict_14_with_grace_period,f,26,0,1,1,1,Real Bed,78703,TRUE
30.27995,-97.76568,Private room,129,1,2,98,strict_14_with_grace_period,t,12,2,1,1,1,Real Bed,78703,TRUE
30.29969,-97.78064,Entire home/apt,200,1,2,100,flexible,f,1,0,1.5,2,2,Real Bed,78703,TRUE
30.27906,-97.75729,Entire home/apt,300,1,1,100,flexible,f,1,0,1,1,1,Real Bed,78703,TRUE
30.30618,-97.75249,Entire home/apt,134,4,2,97,strict_14_with_grace_period,t,73,10,1,2,2,Real Bed,78703,TRUE
30.2676,-97.7543,Entire home/apt,325,2,3,96.17773167,flexible,f,0,0,1,1,1,Real Bed,78703,FALSE
30.2823,-97.75794,Entire home/apt,170,4,2,97,moderate,t,190,54,2,2,2,Real Bed,78703,TRUE
30.28141,-97.76399,Entire home/apt,120,2,2,100,strict_14_with_grace_period,t,125,37,1,1,1,Real Bed,78703,TRUE
30.30207,-97.75441,Entire home/apt,185,6,2,100,moderate,f,2,0,1,3,3,Real Bed,78703,TRUE
30.27431,-97.75972,Entire home/apt,139,4,2,92,strict_14_with_grace_period,f,45,13,1.5,3,3,Real Bed,78703,TRUE
30.27577,-97.75897,Entire home/apt,169,4,2,88,strict_14_with_grace_period,f,23,7,2,2,3,Real Bed,78703,TRUE
30.26843,-97.75518,Private room,250,1,1,100,flexible,f,1,0,1,1,1,Real Bed,78703,TRUE
30.27944,-97.76601,Entire home/apt,300,6,3,96.17773167,flexible,f,0,0,2,2,3,Real Bed,78703,FALSE
30.27319,-97.75557,Entire home/apt,399,8,2,92,strict_14_with_grace_period,f,93,27,3,4,7,Real Bed,78703,TRUE
30.28859,-97.77318,Private room,100,1,1,80,flexible,f,1,0,1,1,1,Futon,78703,TRUE
30.26989,-97.75302,Entire home/apt,500,1,3,100,flexible,f,1,0,2,2,2,Real Bed,78703,TRUE
30.28743,-97.77249,Entire home/apt,350,1,3,100,strict_14_with_grace_period,f,1,0,2,2,2,Real Bed,78703,TRUE
30.27602,-97.76172,Entire home/apt,91,1,2,96,moderate,t,100,37,1,1,1,Real Bed,78703,TRUE
30.27666,-97.75983,Entire home/apt,380,1,2,96.17773167,flexible,f,0,0,1,1,1,Real Bed,78703,FALSE
30.30082,-97.75831,Entire home/apt,340,1,2,98,moderate,t,99,24,1,3,3,Real Bed,78703,TRUE
30.27328,-97.75707,Entire home/apt,108,4,1,98,moderate,t,224,55,1,1,1,Real Bed,78703,TRUE
30.28206,-97.7599,Entire home/apt,165,1,3,100,flexible,f,17,6,2,2,2,Real Bed,78703,TRUE
30.28459,-97.76581,Entire home/apt,280,1,1,100,flexible,f,1,0,1.5,1,1,Real Bed,78703,TRUE
30.28164,-97.75863,Entire home/apt,120,1,2,100,moderate,f,4,0,1,0,1,Real Bed,78703,TRUE
30.27722,-97.7584,Entire home/apt,195,1,1,100,flexible,f,5,0,1,2,2,Real Bed,78703,TRUE
30.28737,-97.77172,Entire home/apt,175,4,1,100,moderate,f,5,0,2,2,4,Real Bed,78703,TRUE
30.26977,-97.75236,Entire home/apt,500,1,1,96.17773167,flexible,f,0,0,1,1,2,Real Bed,78703,FALSE
30.28335,-97.75813,Private room,39,1,2,96,strict_14_with_grace_period,t,216,74,1,1,1,Futon,78703,TRUE
30.28657,-97.76187,Entire home/apt,125,2,2,100,moderate,t,92,46,1,1,1,Real Bed,78703,TRUE
30.28114,-97.76007,Entire home/apt,60,1,1,96,moderate,f,10,1,1,2,2,Real Bed,78703,TRUE
30.2772,-97.75713,Entire home/apt,285,1,1,91,moderate,f,79,10,2,3,4,Real Bed,78703,TRUE
30.27463,-97.75582,Private room,100,1,1,93,flexible,f,11,0,1,1,1,Real Bed,78703,TRUE
30.28288,-97.77073,Private room,250,1,1,96,strict_14_with_grace_period,f,14,5,1,1,2,Real Bed,78703,TRUE
30.27163,-97.75557,Entire home/apt,275,1,1,96.17773167,flexible,f,0,0,1,1,1,Real Bed,78703,FALSE
30.27675,-97.75978,Entire home/apt,229,4,2,98,strict_14_with_grace_period,t,74,52,1,2,2,Real Bed,78703,TRUE
30.28942,-97.76816,Entire home/apt,125,1,1,96.17773167,flexible,f,0,0,1,1,1,Real Bed,78703,FALSE
30.26738,-97.75425,Entire home/apt,180,1,2,92,moderate,f,35,8,1,1,1,Real Bed,78703,TRUE
30.27828,-97.76017,Entire home/apt,99,1,2,97,strict_14_with_grace_period,t,122,40,1,2,3,Real Bed,78703,TRUE
30.27674,-97.75782,Entire home/apt,15,1,3,80,moderate,f,1,1,1,1,1,Real Bed,78703,TRUE
30.28312,-97.77311,Entire home/apt,80,2,1,99,flexible,t,176,121,1,1,2,Real Bed,78703,TRUE
30.27553,-97.76222,Entire home/apt,120,2,3,99,moderate,t,117,45,1,1,1,Real Bed,78703,TRUE
30.28326,-97.77402,Private room,150,1,3,96.17773167,flexible,f,0,0,1,1,1,Pull-out Sofa,78703,FALSE
30.28434,-97.76006,Entire home/apt,99,4,2,100,moderate,f,8,0,1,1,2,Real Bed,78703,TRUE
30.26887,-97.75432,Entire home/apt,243,2,1,96,strict_14_with_grace_period,t,91,31,2,2,2,Real Bed,78703,TRUE
30.27631,-97.75878,Entire home/apt,250,1,2,100,moderate,f,6,0,1,1,1,Real Bed,78703,TRUE
30.27921,-97.75606,Private room,150,1,10,100,flexible,f,2,0,1,1,1,Real Bed,78703,TRUE
30.28425,-97.76422,Entire home/apt,100,1,1,97,moderate,f,14,2,1,0,2,Real Bed,78703,TRUE
30.27599,-97.76012,Entire home/apt,210,1,3,99,moderate,t,73,25,1,2,3,Real Bed,78703,TRUE
30.28201,-97.75797,Entire home/apt,260,1,1,100,moderate,f,3,1,1,1,1,Real Bed,78703,TRUE
30.27614,-97.76378,Entire home/apt,270,1,2,100,strict_14_with_grace_period,f,1,0,1,1,1,Real Bed,78703,TRUE
30.28342,-97.75727,Entire home/apt,85,3,1,86,moderate,f,70,18,1,1,3,Real Bed,78703,TRUE
30.27714,-97.75549,Private room,169,2,1,96.17773167,strict_14_with_grace_period,f,0,0,1,1,1,Real Bed,78703,FALSE
30.30118,-97.75227,Entire home/apt,450,6,2,100,moderate,t,6,1,2,3,3,Real Bed,78703,TRUE
30.29969,-97.75182,Entire home/apt,140,2,2,96,strict_14_with_grace_period,t,5,1,1,1,1,Real Bed,78703,TRUE
30.28384,-97.76019,Entire home/apt,500,1,3,94,moderate,f,8,0,1,0,3,Real Bed,78703,TRUE
30.27764,-97.76272,Private room,110,2,2,98,strict_14_with_grace_period,f,28,5,1.5,1,1,Real Bed,78703,TRUE
30.27263,-97.75564,Entire home/apt,120,1,1,96,moderate,t,247,80,1,1,2,Real Bed,78703,TRUE
30.28946,-97.7738,Entire home/apt,395,1,7,96.17773167,flexible,f,0,0,1,2,2,Real Bed,78703,FALSE
30.30106,-97.75068,Private room,55,2,1,99,moderate,t,42,18,1,1,1,Real Bed,78703,TRUE
30.28124,-97.77001,Entire home/apt,95,1,3,99,strict_14_with_grace_period,t,65,24,1,1,1,Real Bed,78703,TRUE
30.28481,-97.76099,Entire home/apt,150,1,2,100,flexible,f,1,0,1,1,1,Real Bed,78703,TRUE
30.28969,-97.76856,Entire home/apt,120,3,3,95,strict_14_with_grace_period,f,20,0,1,1,1,Real Bed,78703,TRUE
30.28086,-97.7575,Entire home/apt,139,2,3,100,moderate,t,73,32,1,1,1,Real Bed,78703,TRUE
30.29662,-97.78186,Entire home/apt,400,6,2,100,strict_14_with_grace_period,f,5,0,3,4,4,Real Bed,78703,TRUE
30.28423,-97.75863,Entire home/apt,75,2,1,98,moderate,f,25,0,1,1,1,Real Bed,78703,TRUE
30.28323,-97.77585,Entire home/apt,450,1,3,100,moderate,f,13,3,2,3,3,Real Bed,78703,TRUE
30.27802,-97.77255,Private room,150,6,2,96.17773167,flexible,f,0,0,1,1,2,Real Bed,78703,FALSE
30.27426,-97.75554,Entire home/apt,157,2,1,99,strict_14_with_grace_period,t,248,100,1,1,2,Real Bed,78703,TRUE
30.28049,-97.75123,Shared room,33,1,1,97,flexible,t,12,0,1,1,1,Real Bed,78703,TRUE
30.28486,-97.77559,Entire home/apt,47,1,4,95,strict_14_with_grace_period,t,37,19,1,1,1,Real Bed,78703,TRUE
30.28331,-97.75887,Entire home/apt,189,6,1,99,moderate,t,168,54,2,2,7,Real Bed,78703,TRUE
30.28143,-97.75142,Entire home/apt,90,1,1,98,moderate,t,81,13,1,1,2,Real Bed,78703,TRUE
30.27257,-97.75577,Entire home/apt,110,2,1,98,strict_14_with_grace_period,t,203,80,1,1,1,Real Bed,78703,TRUE
30.27466,-97.75657,Entire home/apt,115,4,1,98,moderate,t,149,47,1,2,3,Real Bed,78703,TRUE
30.27,-97.75187,Entire home/apt,280,1,3,96.17773167,flexible,f,0,0,2,2,3,Real Bed,78703,FALSE
30.2816,-97.75655,Entire home/apt,200,1,1,100,flexible,f,3,0,1,1,1,Real Bed,78703,TRUE
30.2937,-97.76061,Entire home/apt,450,7,1,91,moderate,f,11,0,2.5,4,3,Real Bed,78703,TRUE
30.28655,-97.76625,Entire home/apt,100,2,2,91,moderate,f,80,16,1,1,1,Real Bed,78703,TRUE
30.30082,-97.78031,Private room,350,1,1,100,flexible,f,2,0,1,1,1,Real Bed,78703,TRUE
30.30921,-97.77191,Entire home/apt,306,8,2,96.17773167,super_strict_30,f,2,1,5,3,5,Real Bed,78703,FALSE
30.27846,-97.75783,Entire home/apt,83,2,2,93,strict_14_with_grace_period,t,3,0,1,1,1,Real Bed,78703,TRUE
30.27448,-97.75525,Private room,400,1,3,100,moderate,f,3,0,1,2,2,Real Bed,78703,TRUE
30.27137,-97.75459,Entire home/apt,130,2,2,98,strict_14_with_grace_period,t,83,39,1,1,2,Real Bed,78703,TRUE
30.28521,-97.75793,Shared room,40,1,1,100,moderate,f,3,0,1,1,1,Couch,78703,TRUE
30.27759,-97.75724,Entire home/apt,200,6,2,100,strict_14_with_grace_period,t,2,0,1,3,5,Real Bed,78703,TRUE
30.27145,-97.75475,Entire home/apt,88,2,2,85,super_strict_30,f,5,1,1.5,1,1,Real Bed,78703,TRUE
30.28311,-97.76779,Entire home/apt,475,1,2,96,strict_14_with_grace_period,f,16,3,1,2,3,Real Bed,78703,TRUE
30.27639,-97.7557,Private room,110,2,2,100,flexible,f,1,0,1,1,2,Real Bed,78703,TRUE
30.28298,-97.76307,Entire home/apt,250,4,1,98,strict_14_with_grace_period,t,123,39,2,3,4,Real Bed,78703,TRUE
30.28027,-97.75849,Entire home/apt,500,1,2,96.17773167,strict_14_with_grace_period,f,0,0,1,1,1,Real Bed,78703,FALSE
30.28079,-97.77346,Entire home/apt,95,1,2,99,moderate,t,19,9,1,0,1,Real Bed,78703,TRUE
30.28416,-97.77131,Entire home/apt,150,1,2,98,flexible,t,16,5,1,2,3,Real Bed,78703,TRUE
30.27333,-97.75343,Entire home/apt,250,1,1,100,moderate,f,2,0,1,0,1,Real Bed,78703,TRUE
30.27825,-97.76125,Entire home/apt,300,1,2,96.17773167,moderate,f,0,0,1,2,2,Real Bed,78703,FALSE
30.28079,-97.76033,Entire home/apt,125,1,1,77,strict_14_with_grace_period,f,24,6,1,1,1,Real Bed,78703,TRUE
30.28941,-97.76861,Entire home/apt,150,1,1,100,moderate,t,313,132,1,0,1,Real Bed,78703,TRUE
30.28141,-97.75841,Entire home/apt,81,2,1,98,strict_14_with_grace_period,t,61,32,1,1,1,Real Bed,78703,TRUE
30.29097,-97.77113,Private room,60,1,1,98,flexible,f,70,33,1,1,1,Real Bed,78703,TRUE
30.27363,-97.75468,Entire home/apt,173,4,2,96,super_strict_30,f,9,4,1.5,1,2,Real Bed,78703,TRUE
30.26707,-97.75404,Entire home/apt,295,1,1,96.17773167,flexible,f,0,0,1,1,1,Real Bed,78703,FALSE
30.28386,-97.76103,Entire home/apt,75,3,1,96,strict_14_with_grace_period,f,185,63,1,1,2,Real Bed,78703,TRUE
30.27849,-97.75405,Private room,59,1,1,95,moderate,f,17,3,1,1,1,Real Bed,78703,TRUE
30.28468,-97.76337,Entire home/apt,85,2,2,97,moderate,f,43,22,1,1,2,Real Bed,78703,TRUE
30.28102,-97.7547,Entire home/apt,130,1,2,98,moderate,f,10,3,1,2,2,Real Bed,78703,TRUE
30.28517,-97.76116,Entire home/apt,130,1,1,99,moderate,f,36,4,1,1,1,Real Bed,78703,TRUE
30.30499,-97.77245,Entire home/apt,125,2,2,100,strict_14_with_grace_period,t,45,17,1,1,2,Real Bed,78703,TRUE
30.27388,-97.75456,Entire home/apt,130,1,2,99,moderate,t,92,56,1,1,1,Real Bed,78703,TRUE
30.26858,-97.75241,Entire home/apt,200,1,1,100,flexible,f,1,0,1,1,1,Real Bed,78703,TRUE
30.27539,-97.75572,Entire home/apt,250,2,3,100,strict_14_with_grace_period,t,21,16,1,1,1,Real Bed,78703,TRUE
30.27617,-97.75865,Entire home/apt,99,2,1,95,moderate,t,136,66,1,0,1,Real Bed,78703,TRUE
30.27586,-97.76218,Entire home/apt,114,2,1,99,moderate,t,135,87,1,1,1,Real Bed,78703,TRUE
30.27822,-97.76901,Entire home/apt,382,10,2,96,moderate,t,68,25,5,6,8,Real Bed,78703,TRUE
30.29453,-97.76455,Entire home/apt,300,6,2,100,moderate,t,22,7,2.5,2,4,Real Bed,78703,TRUE
30.27792,-97.7717,Entire home/apt,300,2,2,99,moderate,t,60,34,1,1,1,Real Bed,78703,TRUE
30.29846,-97.76549,Entire home/apt,400,1,2,100,flexible,f,1,0,2,3,3,Real Bed,78703,TRUE
30.29148,-97.76737,Entire home/apt,100,1,2,99,moderate,t,65,36,1,0,1,Real Bed,78703,TRUE
30.27352,-97.75648,Entire home/apt,174,4,2,91,super_strict_30,f,54,9,2.5,2,4,Real Bed,78703,TRUE
30.27317,-97.75596,Entire home/apt,159,4,2,86,super_strict_30,f,20,1,2.5,2,3,Real Bed,78703,TRUE
30.27814,-97.76705,Entire home/apt,148,8,2,93,super_strict_30,f,32,6,2,3,5,Real Bed,78703,TRUE
30.2747,-97.75836,Entire home/apt,127,8,2,87,super_strict_30,f,28,11,2,3,4,Real Bed,78703,TRUE
30.28415,-97.76007,Entire home/apt,47,2,1,80,moderate,f,8,0,1,2,2,Real Bed,78703,TRUE
30.28963,-97.77039,Private room,48,2,1,99,flexible,t,32,14,1,1,2,Real Bed,78703,TRUE
30.2893,-97.77063,Entire home/apt,350,2,2,96.17773167,strict_14_with_grace_period,f,0,0,1.5,2,3,Real Bed,78703,FALSE
30.26855,-97.75382,Entire home/apt,500,6,2,100,strict_14_with_grace_period,f,1,0,2,2,2,Real Bed,78703,TRUE
30.2706,-97.75365,Entire home/apt,300,1,2,91,strict_14_with_grace_period,f,7,0,2,2,2,Real Bed,78703,TRUE
30.2714,-97.75445,Entire home/apt,199,2,1,96,moderate,t,129,68,1.5,2,2,Real Bed,78703,TRUE
30.27926,-97.75512,Entire home/apt,149,3,2,100,moderate,t,41,24,1,0,2,Real Bed,78703,TRUE
30.27917,-97.76273,Entire home/apt,150,2,2,92,moderate,f,15,6,1.5,1,3,Real Bed,78703,TRUE
30.27349,-97.75472,Entire home/apt,130,1,1,96,moderate,t,154,74,1,1,1,Real Bed,78703,TRUE
30.27885,-97.77054,Entire home/apt,250,1,2,100,flexible,t,14,14,1,2,2,Real Bed,78703,TRUE
30.28204,-97.75598,Private room,85,1,1,99,strict_14_with_grace_period,t,63,42,1,1,1,Real Bed,78703,TRUE
30.27594,-97.76154,Entire home/apt,175,2,1,97,moderate,t,92,50,1,2,2,Real Bed,78703,TRUE
30.28349,-97.75816,Entire home/apt,350,4,2,97,strict_14_with_grace_period,f,40,15,4,5,7,Real Bed,78703,TRUE
30.3007,-97.75212,Entire home/apt,500,8,3,100,strict_14_with_grace_period,t,12,9,4,5,6,Real Bed,78703,TRUE
30.27707,-97.76148,Private room,55,1,2,99,moderate,t,74,41,1,1,1,Real Bed,78703,TRUE
30.27898,-97.76479,Entire home/apt,200,1,2,100,flexible,f,1,0,1,1,1,Real Bed,78703,TRUE
30.28018,-97.75467,Entire home/apt,125,1,2,100,moderate,t,46,37,1,1,1,Real Bed,78703,TRUE
30.30603,-97.75246,Private room,170,1,2,98,flexible,t,32,22,1,1,1,Real Bed,78703,TRUE
30.288,-97.77229,Entire home/apt,215,1,10,93,flexible,f,3,0,1,2,2,Real Bed,78703,TRUE
30.30455,-97.75692,Private room,90,1,2,96.17773167,flexible,f,0,0,1,1,1,Real Bed,78703,FALSE
30.28276,-97.76106,Entire home/apt,125,2,2,100,moderate,t,23,18,1,1,2,Real Bed,78703,TRUE
30.30198,-97.76037,Entire home/apt,158,8,2,91,super_strict_30,f,33,16,2,3,4,Real Bed,78703,TRUE
30.28826,-97.77206,Entire home/apt,187,4,1,92,flexible,f,5,1,1,1,1,Real Bed,78703,TRUE
30.29579,-97.7517,Entire home/apt,120,1,2,100,flexible,f,2,1,1,1,1,Real Bed,78703,TRUE
30.27378,-97.75954,Entire home/apt,300,1,3,100,strict_14_with_grace_period,f,2,2,2,2,2,Real Bed,78703,TRUE
30.26922,-97.75401,Entire home/apt,200,1,3,100,strict_14_with_grace_period,f,2,1,2,2,4,Real Bed,78703,TRUE
30.27583,-97.75781,Entire home/apt,200,1,1,95,flexible,f,4,0,1,1,1,Real Bed,78703,TRUE
30.27655,-97.76019,Entire home/apt,81,2,2,98,moderate,t,118,70,1,2,2,Real Bed,78703,TRUE
30.29901,-97.78114,Entire home/apt,354,6,1,97,strict_14_with_grace_period,t,22,13,2.5,3,3,Real Bed,78703,TRUE
30.30078,-97.77985,Entire home/apt,136,2,1,98,strict_14_with_grace_period,t,24,12,1,1,1,Real Bed,78703,TRUE
30.28919,-97.76103,Entire home/apt,71,1,2,98,strict_14_with_grace_period,t,44,23,1,2,2,Real Bed,78703,TRUE
30.27623,-97.76165,Entire home/apt,83,1,2,91,moderate,f,9,5,1,2,2,Real Bed,78703,TRUE
30.27025,-97.75673,Entire home/apt,45,1,1,100,flexible,f,1,0,1,1,3,Real Bed,78703,TRUE
30.27294,-97.75511,Entire home/apt,174,2,1,100,moderate,t,84,56,1.5,1,1,Real Bed,78703,TRUE
30.27611,-97.76115,Shared room,55,1,1,92,flexible,f,44,14,1,1,1,Real Bed,78703,TRUE
30.27268,-97.75436,Entire home/apt,120,1,1,96,moderate,t,105,74,1,1,2,Real Bed,78703,TRUE
30.28274,-97.76749,Entire home/apt,425,1,4,100,flexible,f,1,0,2,3,3,Real Bed,78703,TRUE
30.28801,-97.77329,Entire home/apt,198,4,1,100,strict_14_with_grace_period,t,12,4,2,3,3,Real Bed,78703,TRUE
30.28238,-97.75786,Entire home/apt,125,2,2,99,moderate,t,31,23,1,1,1,Real Bed,78703,TRUE
30.27082,-97.75659,Entire home/apt,300,1,2,96.17773167,strict_14_with_grace_period,f,0,0,2,2,4,Real Bed,78703,FALSE
30.27679,-97.76123,Entire home/apt,112,2,1,98,strict_14_with_grace_period,t,161,109,1,1,1,Real Bed,78703,TRUE
30.30283,-97.75478,Entire home/apt,400,4,3,100,strict_14_with_grace_period,f,6,4,2,2,2,Real Bed,78703,TRUE
30.27865,-97.75251,Private room,56,1,2,98,moderate,f,50,41,1,1,1,Real Bed,78703,TRUE
30.2756,-97.76156,Entire home/apt,99,1,2,96,strict_14_with_grace_period,t,80,67,1,1,1,Real Bed,78703,TRUE
30.27562,-97.75593,Entire home/apt,120,1,1,94,strict_14_with_grace_period,t,128,94,1,1,1,Real Bed,78703,TRUE
30.27486,-97.76357,Entire home/apt,175,3,3,95,strict_14_with_grace_period,f,13,7,1,1,2,Real Bed,78703,TRUE
30.30717,-97.75645,Private room,300,1,2,96.17773167,strict_14_with_grace_period,f,0,0,1.5,1,1,Real Bed,78703,FALSE
30.27563,-97.76077,Entire home/apt,375,4,3,100,strict_14_with_grace_period,f,3,2,2,2,2,Real Bed,78703,TRUE
30.2905,-97.77254,Entire home/apt,300,1,4,20,moderate,f,1,0,1,2,3,Real Bed,78703,TRUE
30.28837,-97.76544,Private room,250,1,3,96.17773167,flexible,f,0,0,1,1,1,Real Bed,78703,FALSE
30.2794,-97.77289,Entire home/apt,250,1,2,100,moderate,f,3,0,1,2,2,Real Bed,78703,TRUE
30.27731,-97.75725,Entire home/apt,225,5,2,100,flexible,f,2,0,1,2,3,Real Bed,78703,TRUE
30.27629,-97.75428,Entire home/apt,399,12,2,92,strict_14_with_grace_period,f,31,22,2,4,10,Real Bed,78703,TRUE
30.27682,-97.75635,Entire home/apt,500,1,2,96.17773167,flexible,f,0,0,1,1,2,Real Bed,78703,FALSE
30.30513,-97.75227,Entire home/apt,170,2,2,97,strict_14_with_grace_period,t,41,30,1,0,1,Real Bed,78703,TRUE
30.27384,-97.75971,Entire home/apt,450,1,1,96.17773167,flexible,f,0,0,1,1,1,Real Bed,78703,FALSE
30.28305,-97.76282,Entire home/apt,125,4,1,95,strict_14_with_grace_period,t,26,16,1,2,2,Real Bed,78703,TRUE
30.28892,-97.76656,Shared room,400,1,1,80,flexible,f,1,0,1,1,1,Real Bed,78703,TRUE
30.28678,-97.76299,Private room,43,1,1,91,moderate,f,78,55,1,0,1,Real Bed,78703,TRUE
30.28428,-97.76253,Entire home/apt,99,1,3,100,strict_14_with_grace_period,t,13,9,1,1,1,Real Bed,78703,TRUE
30.27488,-97.75591,Entire home/apt,120,1,1,95,strict_14_with_grace_period,t,84,84,1,1,2,Real Bed,78703,TRUE
30.27919,-97.75249,Entire home/apt,236,6,2,100,super_strict_30,f,3,2,2,3,3,Real Bed,78703,TRUE
30.28699,-97.76147,Private room,50,1,4,60,flexible,f,1,0,1,1,1,Real Bed,78703,TRUE
30.28419,-97.75759,Entire home/apt,150,1,2,60,strict_14_with_grace_period,f,1,0,1,1,1,Real Bed,78703,TRUE
30.28001,-97.76512,Entire home/apt,299,1,5,96.17773167,strict_14_with_grace_period,t,0,0,2.5,2,2,Real Bed,78703,FALSE
30.308,-97.75583,Entire home/apt,104,1,2,96,strict_14_with_grace_period,t,29,25,1,2,2,Real Bed,78703,TRUE
30.28441,-97.75965,Entire home/apt,120,4,1,98,flexible,t,63,51,1,2,3,Real Bed,78703,TRUE
30.27467,-97.75965,Entire home/apt,200,5,2,100,strict_14_with_grace_period,f,3,3,1,2,3,Real Bed,78703,TRUE
30.27839,-97.76152,Entire home/apt,72,1,3,96,flexible,t,9,9,1,1,1,Real Bed,78703,TRUE
30.2824,-97.75344,Entire home/apt,400,4,1,100,moderate,f,2,2,1,2,2,Real Bed,78703,TRUE
30.27585,-97.75249,Entire home/apt,199,4,2,87,flexible,f,12,12,2,3,6,Real Bed,78703,TRUE
30.284,-97.76229,Entire home/apt,219,6,2,97,strict_14_with_grace_period,t,14,14,1,2,2,Real Bed,78703,TRUE
30.27449,-97.75596,Entire home/apt,136,1,2,96,moderate,f,5,5,1,1,0,Real Bed,78703,TRUE
30.3101,-97.76262,Entire home/apt,85,1,3,97,moderate,t,7,7,1,1,2,Real Bed,78703,TRUE
30.27175,-97.75602,Entire home/apt,125,1,2,99,moderate,t,30,30,1,1,1,Real Bed,78703,TRUE
30.29269,-97.761,Entire home/apt,100,4,2,96,flexible,t,27,27,1,1,2,Real Bed,78703,TRUE
30.29565,-97.77366,Entire home/apt,204,2,2,96.17773167,super_strict_30,f,0,0,1,1,1,Real Bed,78703,FALSE
30.28429,-97.77053,Private room,250,1,2,100,flexible,f,4,4,1,1,1,Real Bed,78703,TRUE
30.27872,-97.75883,Entire home/apt,163,1,2,93,moderate,f,6,6,1,2,2,Real Bed,78703,TRUE
30.28834,-97.76786,Entire home/apt,145,1,3,100,strict_14_with_grace_period,t,14,14,1,2,4,Real Bed,78703,TRUE
30.27993,-97.77086,Entire home/apt,100,1,2,98,flexible,t,8,8,1,0,1,Real Bed,78703,TRUE
30.27868,-97.7616,Entire home/apt,199,1,2,100,strict_14_with_grace_period,t,2,2,2,3,4,Real Bed,78703,TRUE
30.28033,-97.77309,Entire home/apt,150,1,2,96.17773167,flexible,f,0,0,1,2,2,Real Bed,78703,FALSE
30.27028,-97.75217,Entire home/apt,500,2,2,100,moderate,t,20,20,1,1,1,Real Bed,78703,TRUE
30.2803,-97.75569,Entire home/apt,100,1,2,100,strict_14_with_grace_period,t,47,47,1,1,1,Real Bed,78703,TRUE
30.26913,-97.75678,Entire home/apt,125,2,1,98,moderate,t,25,25,1,1,1,Real Bed,78703,TRUE
30.26906,-97.75621,Entire home/apt,175,4,1,95,moderate,t,65,65,2,2,2,Real Bed,78703,TRUE
30.27002,-97.75492,Entire home/apt,155,2,1,96,moderate,t,11,11,1,1,2,Real Bed,78703,TRUE
30.27442,-97.75503,Entire home/apt,450,1,2,94,strict_14_with_grace_period,f,19,19,1,3,4,Real Bed,78703,TRUE
30.2806,-97.77213,Entire home/apt,300,1,2,100,flexible,f,1,1,1,0,1,Real Bed,78703,TRUE
30.29267,-97.77137,Entire home/apt,85,1,2,99,flexible,t,33,33,1,1,1,Real Bed,78703,TRUE
30.30874,-97.75264,Entire home/apt,65,1,4,80,flexible,f,2,2,1,1,1,Real Bed,78703,TRUE
30.26809,-97.75557,Entire home/apt,250,1,1,96.17773167,moderate,f,1,1,1,1,1,Real Bed,78703,FALSE
30.27706,-97.7628,Entire home/apt,150,1,1,87,moderate,f,3,3,1,1,1,Real Bed,78703,TRUE
30.2773,-97.77171,Entire home/apt,199,1,2,100,moderate,t,55,55,1,1,1,Real Bed,78703,TRUE
30.27367,-97.76217,Entire home/apt,83,1,2,97,moderate,t,46,46,1,1,1,Real Bed,78703,TRUE
30.2831,-97.7608,Entire home/apt,95,1,1,89,flexible,f,39,39,1,1,1,Real Bed,78703,TRUE
30.29374,-97.76283,Entire home/apt,100,1,2,98,strict_14_with_grace_period,t,13,13,1,1,1,Real Bed,78703,TRUE
30.28756,-97.7653,Private room,100,1,1,100,flexible,f,3,3,1,1,1,Real Bed,78703,TRUE
30.28105,-97.75739,Entire home/apt,200,5,2,90,flexible,f,2,2,1,2,2,Real Bed,78703,TRUE
30.28578,-97.76242,Entire home/apt,200,7,1,92,moderate,t,24,24,2,3,4,Real Bed,78703,TRUE
30.28499,-97.77536,Entire home/apt,350,1,1,100,strict_14_with_grace_period,f,3,3,2,4,3,Real Bed,78703,TRUE
30.28003,-97.76055,Entire home/apt,215,1,2,100,flexible,f,2,2,1,1,2,Real Bed,78703,TRUE
30.27798,-97.76239,Entire home/apt,87,2,1,99,flexible,f,27,27,1,0,0,Real Bed,78703,TRUE
30.28908,-97.7658,Entire home/apt,490,1,2,100,moderate,f,2,2,3.5,4,8,Real Bed,78703,TRUE
30.28077,-97.75434,Entire home/apt,250,1,3,100,moderate,f,1,1,1,2,2,Real Bed,78703,TRUE
30.27446,-97.76058,Entire home/apt,148,2,2,98,strict_14_with_grace_period,t,9,9,1,1,1,Real Bed,78703,TRUE
30.28013,-97.75511,Entire home/apt,150,1,1,98,flexible,t,9,9,2,2,2,Real Bed,78703,TRUE
30.27311,-97.75775,Entire home/apt,134,1,2,96,strict_14_with_grace_period,t,29,29,2,3,3,Real Bed,78703,TRUE
30.28104,-97.75865,Private room,125,1,1,96.17773167,flexible,f,0,0,1,1,1,Real Bed,78703,FALSE
30.28079,-97.7556,Entire home/apt,150,1,1,96,strict_14_with_grace_period,t,46,46,1,2,2,Real Bed,78703,TRUE
30.28191,-97.75793,Entire home/apt,175,1,1,97,strict_14_with_grace_period,t,37,37,2,3,3,Real Bed,78703,TRUE
30.27544,-97.76028,Entire home/apt,300,4,2,99,strict_14_with_grace_period,t,36,36,2.5,4,7,Real Bed,78703,TRUE
30.27666,-97.75951,Entire home/apt,175,4,2,97,strict_14_with_grace_period,t,38,38,4,7,10,Real Bed,78703,TRUE
30.28166,-97.76373,Entire home/apt,225,2,2,99,strict_14_with_grace_period,t,22,22,1.5,1,1,Real Bed,78703,TRUE
30.27429,-97.7618,Entire home/apt,450,1,3,100,strict_14_with_grace_period,f,3,3,2,3,3,Real Bed,78703,TRUE
30.30067,-97.75707,Entire home/apt,415,16,1,96,strict_14_with_grace_period,t,9,9,3.5,7,10,Real Bed,78703,TRUE
30.28067,-97.75551,Entire home/apt,105,4,1,100,flexible,t,8,8,1,2,3,Real Bed,78703,TRUE
30.27628,-97.75423,Entire home/apt,90,1,7,96.17773167,strict_14_with_grace_period,t,0,0,1,1,1,Real Bed,78703,FALSE
30.29453,-97.77874,Entire home/apt,108,2,2,100,moderate,t,22,22,1,2,2,Real Bed,78703,TRUE
30.27658,-97.75547,Private room,169,2,1,100,strict_14_with_grace_period,f,1,1,1,1,1,Real Bed,78703,TRUE
30.27592,-97.76,Entire home/apt,143,6,1,100,strict_14_with_grace_period,t,49,49,1,2,3,Real Bed,78703,TRUE
30.29118,-97.75173,Private room,90,1,1,100,flexible,t,8,8,1,1,1,Real Bed,78703,TRUE
30.29339,-97.76813,Entire home/apt,300,1,5,96.17773167,flexible,f,0,0,2.5,4,5,Real Bed,78703,FALSE
30.30496,-97.75699,Entire home/apt,164,1,2,100,moderate,f,4,4,2.5,4,4,Real Bed,78703,TRUE
30.30732,-97.75656,Entire home/apt,95,1,2,99,strict_14_with_grace_period,t,25,25,1,1,1,Real Bed,78703,TRUE
30.28861,-97.76146,Entire home/apt,125,1,1,100,moderate,t,45,45,1.5,2,3,Real Bed,78703,TRUE
30.27804,-97.76048,Entire home/apt,168,1,1,100,flexible,t,11,11,2,2,2,Real Bed,78703,TRUE
30.28667,-97.76621,Entire home/apt,356,1,3,100,moderate,f,1,1,2.5,3,4,Real Bed,78703,TRUE
30.29732,-97.75948,Entire home/apt,145,2,1,98,strict_14_with_grace_period,t,12,12,1,1,1,Real Bed,78703,TRUE
30.28308,-97.76129,Entire home/apt,116,6,3,96,strict_14_with_grace_period,t,16,16,2,2,2,Real Bed,78703,TRUE
30.27634,-97.7607,Entire home/apt,200,1,1,100,moderate,f,6,6,1,1,1,Real Bed,78703,TRUE
30.27992,-97.7544,Private room,80,2,1,98,flexible,t,11,11,1,1,2,Real Bed,78703,TRUE
30.27531,-97.75991,Entire home/apt,350,1,2,96.17773167,flexible,f,0,0,1,3,3,Real Bed,78703,FALSE
30.2768,-97.75504,Entire home/apt,300,1,2,100,moderate,f,4,4,2.5,2,3,Real Bed,78703,TRUE
30.27433,-97.7606,Private room,99,1,1,96.17773167,flexible,t,0,0,1,1,1,Real Bed,78703,FALSE
30.28957,-97.76034,Entire home/apt,225,1,2,90,strict_14_with_grace_period,f,2,2,1,2,2,Real Bed,78703,TRUE
30.2899,-97.77144,Entire home/apt,195,2,2,96.17773167,flexible,f,0,0,1,1,1,Real Bed,78703,FALSE
30.27285,-97.75555,Entire home/apt,135,2,1,95,strict_14_with_grace_period,f,24,24,1,1,1,Real Bed,78703,TRUE
30.27759,-97.75381,Private room,90,1,2,100,moderate,f,2,2,1,1,1,Real Bed,78703,TRUE
30.28375,-97.77308,Entire home/apt,125,2,2,100,moderate,f,9,9,1,0,1,Real Bed,78703,TRUE
30.28654,-97.77006,Private room,250,1,1,100,flexible,f,4,4,1,1,1,Real Bed,78703,TRUE
30.28597,-97.77152,Private room,250,1,2,96.17773167,flexible,f,0,0,1,1,1,Real Bed,78703,FALSE
30.2836,-97.75943,Entire home/apt,225,2,2,100,flexible,f,1,1,1,1,1,Real Bed,78703,TRUE
30.27761,-97.75997,Entire home/apt,160,1,1,90,flexible,f,2,2,2,2,2,Real Bed,78703,TRUE
30.28033,-97.76913,Entire home/apt,125,1,1,90,flexible,f,10,10,1,1,1,Real Bed,78703,TRUE
30.27926,-97.75635,Entire home/apt,185,3,2,100,strict_14_with_grace_period,f,4,4,1,1,1,Real Bed,78703,TRUE
30.28759,-97.77146,Entire home/apt,300,4,3,96.17773167,moderate,f,0,0,2,3,4,Real Bed,78703,FALSE
30.27888,-97.75191,Entire home/apt,138,1,2,95,strict_14_with_grace_period,t,4,4,2,3,5,Real Bed,78703,TRUE
30.27789,-97.76156,Entire home/apt,150,4,2,96.17773167,flexible,f,1,1,2,2,2,Real Bed,78703,FALSE
30.28228,-97.76052,Private room,150,1,5,100,strict_14_with_grace_period,f,1,1,1,1,1,Real Bed,78703,TRUE
30.29242,-97.7625,Entire home/apt,105,1,1,96.17773167,flexible,f,0,0,1,2,2,Real Bed,78703,FALSE
30.29727,-97.7652,Entire home/apt,95,2,1,93,flexible,f,6,6,1,0,1,Real Bed,78703,TRUE
30.27742,-97.76418,Shared room,100,1,1,100,flexible,t,15,15,1,1,1,Real Bed,78703,TRUE
30.3005,-97.7601,Entire home/apt,500,1,1,100,moderate,t,8,8,2,3,6,Real Bed,78703,TRUE
30.27522,-97.75703,Entire home/apt,80,1,3,96.17773167,flexible,f,0,0,1,0,1,Real Bed,78703,FALSE
30.27599,-97.75344,Private room,100,1,1,93,flexible,f,9,9,1.5,1,1,Real Bed,78703,TRUE
30.28833,-97.7735,Entire home/apt,85,1,2,97,flexible,t,7,7,1,2,2,Real Bed,78703,TRUE
30.3091,-97.76734,Entire home/apt,99,2,1,94,moderate,f,10,10,1,0,3,Real Bed,78703,TRUE
30.29093,-97.76951,Entire home/apt,195,1,2,100,flexible,f,2,2,1,2,1,Real Bed,78703,TRUE
30.2822,-97.76013,Entire home/apt,75,5,2,96.17773167,flexible,f,1,1,2,2,2,Real Bed,78703,FALSE
30.27613,-97.75516,Entire home/apt,150,1,2,100,moderate,f,7,7,1,1,1,Real Bed,78703,TRUE
30.30901,-97.76669,Entire home/apt,399,4,2,96.17773167,flexible,f,0,0,4.5,0,3,Real Bed,78703,FALSE
30.27335,-97.75387,Entire home/apt,94,1,1,90,strict_14_with_grace_period,f,2,2,1,1,2,Real Bed,78703,TRUE
30.29634,-97.78274,Private room,300,6,2,96.17773167,strict_14_with_grace_period,f,0,0,2,3,3,Real Bed,78703,FALSE
30.29814,-97.78065,Private room,100,2,2,100,strict_14_with_grace_period,f,1,1,1,1,1,Real Bed,78703,TRUE
30.28018,-97.76878,Entire home/apt,300,1,3,96.17773167,strict_14_with_grace_period,f,0,0,1,1,1,Real Bed,78703,FALSE
30.29414,-97.7666,Entire home/apt,70,1,2,100,strict_14_with_grace_period,f,6,6,1,1,1,Real Bed,78703,TRUE
30.27547,-97.75601,Entire home/apt,124,4,1,93,strict_14_with_grace_period,f,3,3,1,1,3,Real Bed,78703,TRUE
30.27529,-97.75789,Entire home/apt,94,1,1,96.17773167,strict_14_with_grace_period,f,0,0,1,0,1,Real Bed,78703,FALSE
30.27414,-97.75761,Entire home/apt,119,2,1,80,moderate,f,2,2,1,1,3,Real Bed,78703,TRUE
30.26853,-97.75193,Entire home/apt,99,2,1,100,strict_14_with_grace_period,t,1,1,1,0,2,Real Bed,78703,TRUE
30.2814,-97.75737,Entire home/apt,124,3,1,90,strict_14_with_grace_period,f,2,2,1,1,4,Real Bed,78703,TRUE
30.28232,-97.75704,Entire home/apt,119,3,1,100,strict_14_with_grace_period,f,1,1,1,1,4,Real Bed,78703,TRUE
30.28142,-97.75777,Entire home/apt,115,2,1,80,strict_14_with_grace_period,f,2,2,1,1,3,Real Bed,78703,TRUE
30.27572,-97.75876,Entire home/apt,380,3,1,92,strict_14_with_grace_period,t,5,5,2,5,9,Real Bed,78703,TRUE
30.27528,-97.76046,Entire home/apt,104,1,2,100,moderate,f,3,3,1,1,1,Real Bed,78703,TRUE
30.27397,-97.76085,Entire home/apt,400,4,2,96.17773167,strict_14_with_grace_period,f,0,0,2,2,2,Real Bed,78703,FALSE
30.27598,-97.76386,Entire home/apt,250,2,2,96.17773167,strict_14_with_grace_period,f,0,0,1.5,0,3,Real Bed,78703,FALSE
30.29213,-97.75694,Entire home/apt,100,3,1,96.17773167,strict_14_with_grace_period,f,0,0,1,3,3,Real Bed,78703,FALSE
30.27234,-97.75506,Entire home/apt,125,1,1,96.17773167,strict_14_with_grace_period,f,0,0,1,1,1,Real Bed,78703,FALSE
30.28754,-97.76661,Private room,100,1,1,96.17773167,flexible,f,0,0,1,1,0,Real Bed,78703,FALSE
30.26854,-97.75519,Entire home/apt,178,2,1,96.17773167,moderate,f,0,0,1,1,1,Real Bed,78703,FALSE
30.29249,-97.76827,Entire home/apt,90,1,1,96.17773167,flexible,f,0,0,1,1,1,Real Bed,78703,FALSE
